<archive xmlns="http://rs.tdwg.org/dwc/text/" metadata="eml.xml">
  <core encoding="UTF-8" fieldsTerminatedBy="\t" linesTerminatedBy="\n" fieldsEnclosedBy="" ignoreHeaderLines="1" rowType="http://rs.tdwg.org/dwc/terms/Occurrence">
    <files>
      <location>occurrence.txt</location>
    </files>
    <id index="0" />
    <field index="1" term="http://purl.org/dc/terms/type"/>
    <field index="2" term="http://purl.org/dc/terms/language"/>
    <field index="3" term="http://purl.org/dc/terms/rights"/>
    <field index="4" term="http://purl.org/dc/terms/rightsHolder"/>
    <field index="5" term="http://purl.org/dc/terms/accessRights"/>
    <field index="6" term="http://rs.tdwg.org/dwc/terms/datasetID"/>
    <field index="7" term="http://rs.tdwg.org/dwc/terms/institutionCode"/>
    <field index="8" term="http://rs.tdwg.org/dwc/terms/datasetName"/>
    <field index="9" term="http://rs.tdwg.org/dwc/terms/ownerInstitutionCode"/>
    <field index="10" term="http://rs.tdwg.org/dwc/terms/basisOfRecord"/>
    <field index="11" term="http://rs.tdwg.org/dwc/terms/occurrenceID"/>
    <field index="12" term="http://rs.tdwg.org/dwc/terms/recordedBy"/>
    <field index="13" term="http://rs.tdwg.org/dwc/terms/individualCount"/>
    <field index="14" term="http://rs.tdwg.org/dwc/terms/behavior"/>
    <field index="15" term="http://rs.tdwg.org/dwc/terms/organismQuantity"/>
    <field index="16" term="http://rs.tdwg.org/dwc/terms/organismQuantityType"/>
    <field index="17" term="http://rs.tdwg.org/dwc/terms/samplingProtocol"/>
    <field index="18" term="http://rs.tdwg.org/dwc/terms/samplingEffort"/>
    <field index="19" term="http://rs.tdwg.org/dwc/terms/eventDate"/>
    <field index="20" term="http://rs.tdwg.org/dwc/terms/sampleSize"/>
    <field index="21" term="http://rs.tdwg.org/dwc/terms/sampleSizeUnit"/>
    <field index="22" term="http://rs.tdwg.org/dwc/terms/locationID"/>
    <field index="23" term="http://rs.tdwg.org/dwc/terms/continent"/>
    <field index="24" term="http://rs.tdwg.org/dwc/terms/countryCode"/>
    <field index="25" term="http://rs.tdwg.org/dwc/terms/verbatimLocality"/>
    <field index="26" term="http://rs.tdwg.org/dwc/terms/verbatimCoordinates"/>
    <field index="27" term="http://rs.tdwg.org/dwc/terms/verbatimCoordinateSystem"/>
    <field index="28" term="http://rs.tdwg.org/dwc/terms/verbatimSRS"/>
    <field index="29" term="http://rs.tdwg.org/dwc/terms/decimalLatitude"/>
    <field index="30" term="http://rs.tdwg.org/dwc/terms/decimalLongitude"/>
    <field index="31" term="http://rs.tdwg.org/dwc/terms/geodeticDatum"/>
    <field index="32" term="http://rs.tdwg.org/dwc/terms/coordinateUncertaintyInMeters"/>
    <field index="33" term="http://rs.tdwg.org/dwc/terms/georeferenceProtocol"/>
    <field index="34" term="http://rs.tdwg.org/dwc/terms/georeferenceSources"/>
    <field index="35" term="http://rs.tdwg.org/dwc/terms/georeferenceVerificationStatus"/>
    <field index="36" term="http://rs.tdwg.org/dwc/terms/georeferenceRemarks"/>
    <field index="37" term="http://rs.tdwg.org/dwc/terms/identifiedBy"/>
    <field index="38" term="http://rs.tdwg.org/dwc/terms/taxonID"/>
    <field index="39" term="http://rs.tdwg.org/dwc/terms/scientificName"/>
    <field index="40" term="http://rs.tdwg.org/dwc/terms/kingdom"/>
    <field index="41" term="http://rs.tdwg.org/dwc/terms/phylum"/>
    <field index="42" term="http://rs.tdwg.org/dwc/terms/class"/>
    <field index="43" term="http://rs.tdwg.org/dwc/terms/taxonRank"/>
    <field index="44" term="http://rs.tdwg.org/dwc/terms/scientificNameAuthorship"/>
    <field index="45" term="http://rs.tdwg.org/dwc/terms/vernacularName"/>
    <field index="46" term="http://rs.tdwg.org/dwc/terms/nomenclaturalCode"/>
  </core>
</archive>
